PeakID,Metabolite,KEGG,HMDB,Chemical Class,Pathway
nHILIC_103.0036_4,C3H4O4,,,,
nHILIC_103.0036_7.7,C5H8O6,,,,
nHILIC_103.0399_5.4,Hydroxybutyric acid(2),,,Amino Acid,Glutathione Metabolism
nHILIC_103.04_4.6,Hydroxybutyric acid(1),,,Amino Acid,Glutathione Metabolism
nHILIC_104.0352_9.7,L-Serine,C00065,HMDB00187,Amino Acid,Glycine- Serine and Threonine Metabolism
nHILIC_105.0192_7.8,Glyceric acid,C00258,HMDB00139,Carbohydrate,Glycolysis- Gluconeogenesis- and Pyruvate Metabolism
nHILIC_111.0199_3.4,Uracil,C00106,HMDB00300,Nucleotide,Pyrimidine Metabolism- Uracil containing
nHILIC_114.0559_7.8,L-Proline,C00148,HMDB00162,Amino Acid,Urea cycle; Arginine and Proline Metabolism
nHILIC_115.0399_2,Alpha-ketoisovaleric acid,C00141,HMDB00019,Amino Acid,Leucine- Isoleucine and Valine Metabolism
nHILIC_116.0352_7.5,C4H7NO3,,,,
nHILIC_116.0716_7.3,L-Valine,C00183,HMDB00883,Amino Acid,Leucine- Isoleucine and Valine Metabolism
nHILIC_118.0509_8.9,L-Threonine,C00188,HMDB00167,Amino Acid,Glycine- Serine and Threonine Metabolism
nHILIC_119.0349_5.7,C4H8O4,,,,
nHILIC_120.0124_7.6,L-Cysteine,C00097,HMDB00574,Amino Acid,Methionine- Cysteine- SAM and Taurine Metabolism
nHILIC_121.0505_3.5,Erythritol|D-Threitol,C00503|C16884,HMDB02994|HMDB04136,Xenobiotics,Food Component/Plant
nHILIC_124.0073_8.7,Taurine,C00245,HMDB00251,Amino Acid,Methionine- Cysteine- SAM and Taurine Metabolism
nHILIC_128.0352_7.6,5-oxoproline,C01879,HMDB00267,Amino Acid,Glutathione Metabolism
nHILIC_129.0192_7.6,C5H6O4,,,,
nHILIC_130.0509_8.8,4-Hydroxyproline,C01157,HMDB00725,Amino Acid,Urea cycle; Arginine and Proline Metabolism
nHILIC_130.0872_6.3,L-Isoleucine|L-Leucine,C00407|C00123,HMDB00172|HMDB00687,Amino Acid,Leucine- Isoleucine and Valine Metabolism
nHILIC_131.0349_5.1,Ethylmalonate,,HMDB00622,Amino Acid,Leucine- Isoleucine and Valine Metabolism
nHILIC_131.0461_9.7,L-Asparagine,C00152,HMDB00168,Amino Acid,Alanine and Aspartate Metabolism
nHILIC_132.0302_8.3,Iminodiacetate (IDA),C19911,HMDB11753,Xenobiotics,Chemical
nHILIC_133.0142_10.4,L-Malic acid,C00149,HMDB00156,Energy,TCA Cycle
nHILIC_133.0506_2.3,2-3-Dihydroxyvaleric acid(2),C04039,HMDB00421,Cofactors and Vitamins,Pantothenate and CoA Metabolism
nHILIC_133.0506_4.4,2-3-Dihydroxyvaleric acid(1),C04039,HMDB00421,Cofactors and Vitamins,Pantothenate and CoA Metabolism
nHILIC_135.0299_7.9,Threonic acid,C01620,HMDB00943,Cofactors and Vitamins,Ascorbate and Aldarate Metabolism
nHILIC_137.0243_1,Hydroxybenzoic acid,,,Xenobiotics,Benzoate Metabolism
nHILIC_144.0302_7.2,C5H7NO4,,,,
nHILIC_144.0666_5.1,C6H11NO3,,,,
nHILIC_146.0276_5.1,C8H5NO2,,,,
nHILIC_146.0458_7.6,N-Acetylserine,,HMDB02931,Amino Acid,Glycine- Serine and Threonine Metabolism
nHILIC_147.0297_10.2,C5H8O5,,,,
nHILIC_149.0455_5.6,C5H10O5(3),,,,
nHILIC_149.0455_7.6,C5H10O5(1),,,,
nHILIC_149.0455_8.2,C5H10O5(2),,,,
nHILIC_151.0261_4.3,Xanthine,C00385,HMDB00292,Nucleotide,Purine Metabolism- (Hypo)Xanthine/Inosine containing
nHILIC_151.0611_5.4,Arabitol | Xylitol,C01904|C00379,,Carbohydrate,Pentose Metabolism
nHILIC_154.0621_9.6,L-Histidine,C00135,HMDB00177,Amino Acid,Histidine Metabolism
nHILIC_157.0366_6.1,Allantoin,C01551,HMDB00462,Nucleotide,Purine Metabolism- (Hypo)Xanthine/Inosine containing
nHILIC_157.0869_1,C8H14O3,,,,
nHILIC_160.0251_10.4,C5H7NO5,,,,
nHILIC_160.0615_10.7,Aminoadipic acid,C00956,HMDB00510,Amino Acid,Lysine Metabolism
nHILIC_160.0615_7.2,N-acetylthreonine,,,Amino Acid,Glycine- Serine and Threonine Metabolism
nHILIC_163.04_1.4,Phenylpyruvic acid,C00166,HMDB00205,Amino Acid,Phenylalanine Metabolism
nHILIC_163.0612_4.5,C6H12O5,,,,
nHILIC_165.0403_11,Arabonate | Xylonate(2),,,Carbohydrate,Pentose Metabolism
nHILIC_165.0404_7.8,Arabonate | Xylonate(3),,,Carbohydrate,Pentose Metabolism
nHILIC_165.0405_8.5,Arabonate | Xylonate(1),,,Carbohydrate,Pentose Metabolism
nHILIC_165.0768_3.4,C6H14O5,,,,
nHILIC_167.0349_1.3,5-Methoxysalicylic acid,,HMDB01868,Xenobiotics,Benzoate Metabolism
nHILIC_168.0276_10.3,L-Glutamic acid,C00025,HMDB00148,Amino Acid,Glutamate Metabolism
nHILIC_168.0778_10.2,3-Methyl-L-histidine, C01152,HMDB00479,Amino Acid,Histidine Metabolism
nHILIC_171.0775_5,C7H12N2O3(3),,,,
nHILIC_173.0567_7.6,C6H10N2O4,,,,
nHILIC_174.056_3.8,Indoleacetic acid,C00954,HMDB00197,Amino Acid,Tryptophan Metabolism
nHILIC_174.0883_10.1,Citrulline,C00327,HMDB00904,Amino Acid,Urea cycle; Arginine and Proline Metabolism
nHILIC_176.0387_4.9,N-formylmethionine,C03145,HMDB01015,Amino Acid,Methionine- Cysteine- SAM and Taurine Metabolism
nHILIC_177.0226_3.6,C6H10O4S,,,,
nHILIC_177.0339_6.7,Cys Gly,C01419,HMDB00078,Amino Acid,Glutathione Metabolism
nHILIC_177.0404_7.8,C6H10O6,,,,
nHILIC_179.0348_2.2,4-Hydroxyphenylpyruvic acid,C01179,HMDB00707,Amino Acid,Tyrosine Metabolism
nHILIC_179.0561_7.6,Hexose,,,Carbohydrate,Glycolysis- Gluconeogenesis- and Pyruvate Metabolism
nHILIC_181.0367_6.8,1-Methyluric acid,C16359,HMDB03099,Xenobiotics,Xanthine Metabolism
nHILIC_181.0506_6.2,Hydroxyphenyllactic acid,C03672,HMDB00755,Amino Acid,Tyrosine Metabolism
nHILIC_181.0717_3.5,C6H14O6,,,,
nHILIC_183.0294_2.1,C8H8O5,,,,
nHILIC_183.0774_5,C8H12N2O3,,,,
nHILIC_188.0023_1.6,2-Aminophenol sulfate,,HMDB61116,Xenobiotics,Chemical
nHILIC_188.0716_2.1,3-Indolepropionic acid,,HMDB02302,Amino Acid,Tryptophan Metabolism
nHILIC_188.9862_0.9,Catechol sulfate,,HMDB59724,Xenobiotics,Benzoate Metabolism
nHILIC_189.0404_7.2,C7H10O6,,,,
nHILIC_190.0356_10.6,C6H9NO6,,,,
nHILIC_191.0197_11.2,Citric acid,C00158,HMDB00094,Energy,TCA Cycle
nHILIC_191.0561_8.5,Quinic acid,C06746,HMDB03072,Xenobiotics,Food Component/Plant
nHILIC_194.0458_4.6,Hydroxyhippurate(3),,,Xenobiotics,Benzoate Metabolism
nHILIC_194.0458_6.6,Hydroxyhippurate(1),,,Xenobiotics,Benzoate Metabolism
nHILIC_194.0458_6.9,Hydroxyhippurate(2),,,Xenobiotics,Benzoate Metabolism
nHILIC_195.051_8.7,Gluconic acid,C00257,HMDB00625,Carbohydrate,Pentose Metabolism
nHILIC_197.0678_4.1,5-Acetylamino-6-amino-3-methyluracil(2),C16366,HMDB04400,Xenobiotics,Xanthine Metabolism
nHILIC_197.0679_1.4,5-Acetylamino-6-amino-3-methyluracil(1),C16366,HMDB04400,Xenobiotics,Xanthine Metabolism
nHILIC_202.1197_13.3,Gly-Lys|Lys-Gly,,,Peptide,Dipeptide
nHILIC_203.1037_10.8,C8H16N2O4,,,,
nHILIC_204.0665_5.1,Indolelactic acid,C02043,HMDB00671,Amino Acid,Tryptophan Metabolism
nHILIC_204.9811_1.1,1-2-3-benzenetriol sulfate,,,Xenobiotics,Chemical
nHILIC_207.0511_7.7,C7H12O7,,,,
nHILIC_209.0302_11,Glucaric acid,C00818,HMDB00663,Carbohydrate,Ascorbate and aldarate metabolism
nHILIC_212.0022_3,3-indoxyl sulfate,,HMDB00682,Amino Acid,Tryptophan Metabolism
nHILIC_214.0488_7.2,sn-glycero-3-Phosphoethanolamine,C01233,HMDB00114,Lipid,Phospholipid Metabolism
nHILIC_216.0704_10.5,C8H12N2O5,,,,
nHILIC_217.0651_5,Cys-Pro|Pro-Cys,,,Peptide,Dipeptide
nHILIC_218.1032_6.5,Pantothenic acid,C00864,HMDB00210,Cofactors and Vitamins,Pantothenate and CoA Metabolism
nHILIC_219.0451_7.2,C7H12N2O4S,,,,
nHILIC_221.0665_7.7,C8H14O7,,,,
nHILIC_224.0617_4.8,Androstenediol (3beta-17beta) disulfate,C04295,HMDB03818,Lipid,Androgenic Steroids
nHILIC_230.0127_2.1,C8H9NO5S,,,,
nHILIC_235.0723_6.5,L-Formylkynurenine,C02700,HMDB60485,Amino Acid,Tryptophan Metabolism
nHILIC_238.0929_7.3,ethyl glucuronide,,HMDB10325,Xenobiotics,Chemical
nHILIC_239.0164_12.1,L-Cystine,C00491,HMDB00192,Amino Acid,Methionine- Cysteine- SAM and Taurine Metabolism
nHILIC_239.0771_7.6,C8H16O8,,,,
nHILIC_241.087_1.1,C15H14O3,,,,
nHILIC_243.0509_8.1,C10H12O7,,,,
nHILIC_243.0621_3.4,Uridine,C00299,HMDB00296,Nucleotide,Pyrimidine Metabolism- Uracil containing
nHILIC_243.0621_5.8,Pseudouridine,C02067,HMDB00767,Nucleotide,Pyrimidine Metabolism- Uracil containing
nHILIC_245.0431_7.2,C7H14O7(1),,,,
nHILIC_245.0432_6.5,C7H14O7(2),,,,
nHILIC_247.057_11.8,Asp-Asp,,,Peptide,Dipeptide
nHILIC_252.09_6.7,Unknown_252.09_6.7,,,,
nHILIC_253.0927_3.2,C9H18O8,,,,
nHILIC_257.0777_2.2,5-methyluridine (ribothymidine),,HMDB00884,Nucleotide,Pyrimidine Metabolism- Uracil containing
nHILIC_261.0725_10.7,Asp-Glu|Glu-Asp,,,Peptide,Dipeptide
nHILIC_267.0719_4.2,C10H12N4O5,,,,
nHILIC_269.0542_5.9,C8H14N2O6,,,,
nHILIC_269.0875_7.6,C9H18O9,,,,
nHILIC_271.0614_5.2,C15H12O5,,,,
nHILIC_274.1407_12.3,L-a-glutamyl-L-Lysine,C04700,HMDB04207,Peptide,Dipeptide
nHILIC_274.1407_13.3,Epsilon-(gamma-Glutamyl)-lysine,,HMDB03869,Peptide,Gamma-glutamyl Amino Acid
nHILIC_275.0649_8.9,Unknown_nHILIC_275.0649_8.9,,,,
nHILIC_277.2171_1,C18:3 FA,C06426,HMDB03073,Lipid,Polyunsaturated Fatty Acid (n3 and n6)
nHILIC_279.2328_1,C18:2 FA,C01595,HMDB00673,Lipid,Polyunsaturated Fatty Acid (n3 and n6)
nHILIC_280.0754_8.9,Unknown_nHILIC_280.0754_8.9,,,,
nHILIC_281.089_2.2,C11H14N4O5,,,,
nHILIC_281.2484_1,C18:1 FA,C00712,HMDB00207,Lipid,Long Chain Fatty Acid
nHILIC_287.052_8.1,Orotidine,C01103,HMDB00788,Nucleotide,Pyrimidine Metabolism- Orotate containing
nHILIC_296.0378_11,L-Cysteinylglycine disulfide,,HMDB00709,Amino Acid,Glutathione Metabolism
nHILIC_300.0394_7.2,C8H15NO9S,,,,
nHILIC_302.1148_6.5,Indoleacetyl glutamine,,HMDB13240,Amino Acid,Tryptophan Metabolism
nHILIC_303.2327_1,C20:4 FA,C00219,HMDB01043,Lipid,Polyunsaturated Fatty Acid (n3 and n6)
nHILIC_308.0987_7.7,C11H19NO9,,,,
nHILIC_327.2328_1,C22:6 FA,C06429,HMDB02183,Lipid,Polyunsaturated Fatty Acid (n3 and n6)
nHILIC_329.0306_10.8,Unknown_329.0306_10.8,,,,
nHILIC_333.0592_10.7,C9H19O11P,,,,
nHILIC_335.0495_8.3,Uric acid,C00366,HMDB00289,Nucleotide,Purine Metabolism- (Hypo)Xanthine/Inosine containing
nHILIC_343.0993_3.5,Unknown_343.0993_3.5,,,,
nHILIC_345.0942_3.3,C13H18N2O9,,,,
nHILIC_349.0752_8.5,C13H18O11,,,,
nHILIC_360.1302_7.8,C15H23NO9,,,,
nHILIC_361.1254_3.3,C14H22N2O9,,,,
nHILIC_381.1387_3.9,C16H22N4O7,,,,
nHILIC_399.0965_7.8,Unknown_nHILIC_399.0965_7.8,,,,
nHILIC_401.0758_7.6,C13H22O12S,,,,
nHILIC_425.0806_12.4,Cysteineglutathione disulfide,,HMDB00656,Amino Acid,Glutathione Metabolism
nHILIC_441.1596_3.7,C17H30O13,,,,
nHILIC_447.2749_7.2,C26H40O6,,,,
nHILIC_459.1407_2.1,C22H24N2O9,,,,
nHILIC_459.3476_1.8,C29H48O4,,,,
nHILIC_471.1343_11.8,C16H26N4O11,,,,
nHILIC_481.244_5.2,11-beta-Hydroxyandrosterone-3-glucuronide,,HMDB10351,Lipid,Androgenic Steroids
nHILIC_485.1492_3.9,C18H29O15,,,,
nHILIC_504.3095_5.8,LysoPE(20:2),,HMDB11483,Lipid,Phospholipid Metabolism
nHILIC_512.2684_5.7,Chenodeoxycholic acid 3-sulfate,C11301,HMDB02639,Lipid,Secondary Bile Acid Metabolism
nHILIC_528.2633_6.7,C26H43NO8S,,,,
nHILIC_539.2489_6.5,C27H40O11,,,,
nHILIC_581.2411_5.9,Biliverdin(2),C00500,HMDB01008,Cofactors and Vitamins,Hemoglobin and Porphyrin Metabolism
nHILIC_700.5312_4.5,PE(P-34:1),,,,
nHILIC_716.5258_4.7,PE(34:1),,,,
nHILIC_724.5298_4.4,PE(P-36:3),,,,
nHILIC_738.511_4.5,PE(36:4),,,,
nHILIC_74.0246_9.6,Glycine,C00037,HMDB00123,Amino Acid,Glycine- Serine and Threonine Metabolism
nHILIC_740.525_4.5,PE(36:3),,,,
nHILIC_742.5417_4.6,PE(36:2),,,,
nHILIC_746.5159_4.2,PE(P-38:6),,,,
nHILIC_777.5678_4.3,PG(36:0),,,,
nHILIC_833.5227_5.2,PI(34:2),,,,
nHILIC_835.537_5.2,PI(34:1),,,,
nHILIC_85.0294_7.6,C4H6O2,,,,
nHILIC_87.0087_4.4,Pyruvic acid,,HMDB0000243,Carbohydrate,Glycolysis- Gluconeogenesis- and Pyruvate Metabolism
nHILIC_87.045_4.2,Butyric acid|Isobutyric acid,C00246|C02632,HMDB00039|HMDB01873,Energy,Butanoate metabolism
nHILIC_88.0403_8.9,L-Alanine,C00041,HMDB00161,Amino Acid,Alanine and Aspartate Metabolism
nHILIC_88.988_11,Oxalate (ethanedioate),C00209,HMDB02329,Cofactors and Vitamins,Ascorbate and Aldarate Metabolism
nHILIC_89.0243_5.8,L-Lactic acid,C00186,HMDB00190,Carbohydrate,Glycolysis- Gluconeogenesis- and Pyruvate Metabolism
nHILIC_96.96_11.1,Sulfuric acid,C00059,,Xenobiotics,Chemical
nHILIC_969.5442_9.2,PIP(38:2),,,,
nRPLC_117.0557_0.6,L-_-Hydroxyisovaleric acid,,HMDB00407,Amino Acid,Leucine- Isoleucine and Valine Metabolism
nRPLC_129.0558_1,3-Methyl-2-oxovaleric acid,C00671,HMDB03736,Amino Acid,Leucine- Isoleucine and Valine Metabolism
nRPLC_131.0714_1.6,(S)-(-)-2-Hydroxyisocaproic acid ,,HMDB0000746,Amino Acid,Leucine- Isoleucine and Valine Metabolism
nRPLC_149.0607_4.6,3-Phenylpropionate (hydrocinnamate),C05629,HMDB00764,Xenobiotics,Benzoate Metabolism
nRPLC_151.04_2.3,2-Hydroxyphenylacetate,C05852,HMDB00669,Amino Acid,Tyrosine Metabolism
nRPLC_153.0193_2.1,Gentisic acid,C00628,HMDB00152,Amino Acid,Tyrosine Metabolism
nRPLC_155.0713_3.6,C8:2-OH FA(1),,,Lipid,Fatty Acid- Monohydroxy
nRPLC_155.0713_4.9,C8:2-OH FA(2),,,Lipid,Fatty Acid- Monohydroxy
nRPLC_159.1026_3.8,C8:0-OH FA(3),,,Lipid,Fatty Acid- Monohydroxy
nRPLC_159.1026_5.1,C8:0-OH FA(1),,,Lipid,Fatty Acid- Monohydroxy
nRPLC_159.1027_5.5,C8:0-OH FA(2),,,Lipid,Fatty Acid- Monohydroxy
nRPLC_163.0765_7.4,Phenylbutyric acid,,HMDB00329,Xenobiotics,Benzoate Metabolism
nRPLC_165.0418_1.9,1-Methylxanthine,C16358,HMDB10738,Xenobiotics,Xanthine Metabolism
nRPLC_165.0556_2.3,Phenyllactate (PLA),C05607,HMDB00779,Amino Acid,Phenylalanine Metabolism
nRPLC_165.0557_3.2,Dihydro-3-coumaric acid,C11457,,Xenobiotics,Benzoate Metabolism
nRPLC_165.092_7,C10:3 FA(1),,,Lipid,Medium Chain Fatty Acid
nRPLC_165.092_7.2,C10:3 FA(2),,,Lipid,Medium Chain Fatty Acid
nRPLC_167.1077_7.2,C10:2 FA,,,Lipid,Medium Chain Fatty Acid
nRPLC_169.1233_8.2,C10:1 FA(2),,,Lipid,Medium Chain Fatty Acid
nRPLC_169.1234_8,C10:1 FA(1),,,Lipid,Medium Chain Fatty Acid
nRPLC_171.1027_5.6,C9:1-OH FA,,,Lipid,Fatty Acid- Monohydroxy
nRPLC_172.098_2.8,N-Acetylleucine|N-Acetylisoleucine,C02710|C02710,HMDB11756|HMDB61684,Amino Acid,Leucine- Isoleucine and Valine Metabolism
nRPLC_172.9914_0.9,Phenol sulphate,C00850,HMDB60015,Amino Acid,Tyrosine Metabolism
nRPLC_182.0458_1,Pyridoxic acid,C00847,HMDB00017,Cofactors and Vitamins,Vitamin B6 Metabolism
nRPLC_183.1025_5.1,C10H16O3(3),,,,
nRPLC_183.1026_5.5,C10H16O3(2),,,,
nRPLC_183.1026_6.2,C10H16O3(1),,,,
nRPLC_183.139_8.5,C11:1 FA,C13910,HMDB33724,Lipid,Medium Chain Fatty Acid
nRPLC_185.1183_6.8,C10:1-OH FA,,,Lipid,Fatty Acid- Monohydroxy
nRPLC_187.007_2.3,p-Cresol sulfate,,HMDB0011635,Amino Acid,Tyrosine Metabolism
nRPLC_187.0976_5.4,C9:0-DC FA (Azelaic acid),C08261,HMDB00784,Lipid,Fatty Acid- Dicarboxylate
nRPLC_187.1339_7.1,C10:0-OH FA(1),,HMDB02203,Lipid,Fatty Acid- Monohydroxy
nRPLC_187.134_7.5,C10:0-OH FA(2),,HMDB02203,Lipid,Fatty Acid- Monohydroxy
nRPLC_188.0352_3.1,Kynurenic acid,C01717,HMDB00715,Amino Acid,Tryptophan Metabolism
nRPLC_195.139_8.6,C12:2-OH FA,,,Lipid,Fatty Acid- Monohydroxy
nRPLC_197.1547_9,C12:1 FA(2),,HMDB00529,Lipid,Medium Chain Fatty Acid
nRPLC_197.1547_9.1,C12:1 FA(1),,HMDB00529,Lipid,Medium Chain Fatty Acid
nRPLC_199.0976_5.6,C10:1-DC FA,,HMDB00603,Lipid,Fatty Acid- Dicarboxylate
nRPLC_199.1703_7.7,C12:0 FA(2),,,Lipid,Medium Chain Fatty Acid
nRPLC_199.1704_9.5,C12:0 FA(1),,,Lipid,Medium Chain Fatty Acid
nRPLC_200.1292_6,C10H19NO3,,,,
nRPLC_201.1133_5.9,C10:0-DC FA (Sebacic acid)(2),C08277,HMDB00792,Lipid,Fatty Acid- Dicarboxylate
nRPLC_201.1133_6.3,C10:0-DC FA (Sebacic acid)(1),C08277,HMDB00792,Lipid,Fatty Acid- Dicarboxylate
nRPLC_203.002_1.9,4-Methylcatechol sulfate,,,Xenobiotics,Benzoate Metabolism
nRPLC_204.0665_3,C11H11NO3,,,,
nRPLC_204.0666_4.3,Cinnamoylglycine,,HMDB11621,Xenobiotics,Food Component/Plant
nRPLC_206.0821_3.4,N-Acetyl-L-phenylalanine,C03519,HMDB00512,Amino Acid,Phenylalanine Metabolism
nRPLC_209.0814_5.3,C11H14O4(2),,,,
nRPLC_209.0819_5.9,C11H14O4(1),,,,
nRPLC_209.1183_6.5,C12H18O3(1),,,,
nRPLC_209.1184_8.2,C12H18O3(2),,,,
nRPLC_211.1704_9.4,C13:1-OH FA,,,Lipid,Fatty Acid- Monohydroxy
nRPLC_213.1497_8.1,C12:1-OH FA,,,Lipid,Fatty Acid- Monohydroxy
nRPLC_213.1498_7.8,C12:1- OH FA,,,Lipid,Fatty Acid- Monohydroxy
nRPLC_215.1288_6.8,C11:0-DC FA,,HMDB00888,Lipid,Fatty Acid- Dicarboxylate
nRPLC_215.1652_8.1,C12:0-OH FA(2),,HMDB00387,Lipid,Fatty Acid- Monohydroxy
nRPLC_215.1653_8.4,C12:0-OH FA(1),,HMDB00387,Lipid,Fatty Acid- Monohydroxy
nRPLC_223.1704_9.4,C14:2 FA,,,Lipid,Long Chain Fatty Acid
nRPLC_225.186_10,C14:1 FA(2),C08322,HMDB02000,Lipid,Long Chain Fatty Acid
nRPLC_225.186_9.8,C14:1 FA(1),C08322,HMDB02000,Lipid,Long Chain Fatty Acid
nRPLC_227.1288_7.1,C12:1-DC FA(3),,,Lipid,Fatty Acid- Dicarboxylate
nRPLC_227.1289_6.9,C12:1-DC FA(2),,,Lipid,Fatty Acid- Dicarboxylate
nRPLC_227.1289_7.3,C12:1-DC FA(1),,,Lipid,Fatty Acid- Dicarboxylate
nRPLC_227.1289_7.7,C12:1-DC FA(4),,,Lipid,Fatty Acid- Dicarboxylate
nRPLC_227.2017_10.2,C14:0 FA,C06424,HMDB00806,Lipid,Long Chain Fatty Acid
nRPLC_229.0868_7.2,C14H14O3,,,,
nRPLC_229.1445_7.4,C12:0-DC FA,C02678,HMDB00623,Lipid,Fatty Acid- Dicarboxylate
nRPLC_230.9968_4.1,methyl-4-hydroxybenzoate sulfate,,,Xenobiotics,Benzoate Metabolism
nRPLC_235.1703_9.5,C15H24O2,,,,
nRPLC_239.0924_7.1,3-carboxy-4-methyl-5-propyl-2-furanpropanoate (CMPF),,HMDB61112,Lipid,Fatty Acid- Dicarboxylate
nRPLC_239.1653_8.5,C14:2-OH FA,,,Lipid,Fatty Acid- Monohydroxy
nRPLC_239.2016_10.1,C15:1 FA,,,Lipid,Long Chain Fatty Acid
nRPLC_241.1447_7.7,C13H22O4,,,,
nRPLC_241.1809_8.8,C14:1-OH FA(2),,,Lipid,Fatty Acid- Monohydroxy
nRPLC_241.181_9,C14:1-OH FA(1),,,Lipid,Fatty Acid- Monohydroxy
nRPLC_241.2174_10.5,C15:0 FA,,,Lipid,Long Chain Fatty Acid
nRPLC_243.0331_5.4,eugenol sulfate,,,Xenobiotics,Food Component/Plant
nRPLC_243.1601_7.9,C13:0-DC FA(2),,,Lipid,Fatty Acid- Dicarboxylate
nRPLC_243.1601_8,C13:0-DC FA(4),,,Lipid,Fatty Acid- Dicarboxylate
nRPLC_243.1601_8.2,C13:0-DC FA(3),,,Lipid,Fatty Acid- Dicarboxylate
nRPLC_243.1601_8.3,C13:0-DC FA(1),,,Lipid,Fatty Acid- Dicarboxylate
nRPLC_243.1964_9.6,C14:0-OH FA(2),,,Lipid,Fatty Acid- Monohydroxy
nRPLC_243.1965_9.3,C14:0-OH FA(1),,,Lipid,Fatty Acid- Monohydroxy
nRPLC_247.1703_9.4,C16:4 FA,,,Lipid,Long Chain Fatty Acid
nRPLC_249.1859_9.8,C16:3 FA,,,Lipid,Long Chain Fatty Acid
nRPLC_251.2016_10,C16:2 FA,,,Lipid,Long Chain Fatty Acid
nRPLC_253.2172_10.3,C16:1 FA,C08362,HMDB03229,Lipid,Long Chain Fatty Acid
nRPLC_255.1141_6.4,C15H16N2O2,,,,
nRPLC_255.1603_8.1,C14H24O4,,,,
nRPLC_257.1759_8.8,C14:0-DC FA(2),,HMDB00872,Lipid,Fatty Acid- Dicarboxylate
nRPLC_257.176_8.5,C14:0-DC FA(1),,HMDB00872,Lipid,Fatty Acid- Dicarboxylate
nRPLC_257.2122_9.9,C15:0-OH FA,,,Lipid,Fatty Acid- Monohydroxy
nRPLC_263.1038_2.7,C13H16N2O4,,,,
nRPLC_263.1289_6.8,gamma-CEHC,,HMDB01931,Cofactors and Vitamins,Tocopherol Metabolism
nRPLC_265.2171_10.3,C17:0 FA(2),,,Lipid,Long Chain Fatty Acid
nRPLC_267.1238_8.3,C14H20O5(3),,,,
nRPLC_267.1966_9.2,C16:2-OH FA,,,Lipid,Fatty Acid- Monohydroxy
nRPLC_267.233_10.6,C17:1 FA,,HMDB60038,Lipid,Long Chain Fatty Acid
nRPLC_269.2122_9.3,C16:1-OH FA(2),,,Lipid,Fatty Acid- Monohydroxy
nRPLC_269.2122_9.6,C16:1-OH FA(1),,,Lipid,Fatty Acid- Monohydroxy
nRPLC_269.2487_11,C17:0 FA(1),,,Lipid,Long Chain Fatty Acid
nRPLC_271.2279_9.6,C16:0-OH FA(2),,HMDB31057,Lipid,Fatty Acid- Monohydroxy
nRPLC_271.228_10.3,C16:0-OH FA(1),,HMDB31057,Lipid,Fatty Acid- Monohydroxy
nRPLC_275.2017_10,C18:4 FA,C16300,HMDB06547,Lipid,Long Chain Fatty Acid
nRPLC_281.1394_9,C15H22O5(2),,,,
nRPLC_283.0822_2.4,p-Cresol glucuronide,,HMDB11686,Amino Acid,Tyrosine Metabolism
nRPLC_283.1088_9.6,gamma-glutamylhistidine,,,Peptide,Gamma-glutamyl Amino Acid
nRPLC_284.2232_9.8,C16H31NO3,,,,
nRPLC_285.2071_9.2,C16:0-DC FA(2),C19615,HMDB00672,Lipid,Fatty Acid- Dicarboxylate
nRPLC_285.2072_9.6,C16:0-DC FA(1),C19615,HMDB00672,Lipid,Fatty Acid- Dicarboxylate
nRPLC_287.2227_10.2,C16:0-2OH FA,,,Lipid,Fatty Acid- Dihydroxy
nRPLC_293.2122_9.4,C18:3-OH FA(3),,,Lipid,Fatty Acid- Monohydroxy
nRPLC_293.2122_9.9,C18:3-OH FA(1),,,Lipid,Fatty Acid- Monohydroxy
nRPLC_293.2123_9.6,C18:3-OH FA(2),,,Lipid,Fatty Acid- Monohydroxy
nRPLC_295.2278_9.9,C18:2-OH FA,,,Lipid,Fatty Acid- Monohydroxy
nRPLC_295.2279_9.6,9-HODE,C14826,HMDB04702,Lipid,Long Chain Fatty Acid
nRPLC_295.2642_11.1,C19:1 FA,,HMDB13622,Lipid,Long Chain Fatty Acid
nRPLC_297.1343_8.3,C15H22O6(3),,,,
nRPLC_297.1344_7.3,C15H22O6(1),,,,
nRPLC_297.1344_7.6,C15H22O6(2),,,,
nRPLC_297.2435_10.2,C18:1-OH FA(1),,,Lipid,Fatty Acid- Monohydroxy
nRPLC_297.2436_10,C18:1-OH FA(2),,,Lipid,Fatty Acid- Monohydroxy
nRPLC_297.2797_11.2,C19:0 FA(2),C16535,HMDB00772,Lipid,Long Chain Fatty Acid
nRPLC_297.2799_11.7,C19:0 FA(1),C16535,HMDB00772,Lipid,Long Chain Fatty Acid
nRPLC_299.2227_9.9,MG(14:1)(3),,HMDB11531,Lipid,Monoacylglycerol
nRPLC_299.2228_9.3,MG(14:1)(2),,HMDB11531,Lipid,Monoacylglycerol
nRPLC_299.2228_9.6,MG(14:1)(1),,HMDB11531,Lipid,Monoacylglycerol
nRPLC_299.2591_10.2,C18:0-OH FA(1),C03045,,Lipid,Fatty Acid- Monohydroxy
nRPLC_299.2591_10.6,C18:0-OH FA(2),C03045,,Lipid,Fatty Acid- Monohydroxy
nRPLC_301.2173_10.3,C20:5 FA,C06428,HMDB01999,Lipid,Polyunsaturated Fatty Acid (n3 and n6)
nRPLC_305.2486_10.7,C20:3 FA,C03242,HMDB02925,Lipid,Polyunsaturated Fatty Acid (n3 and n6)
nRPLC_307.2644_11,C20:2 FA,C16525,HMDB05060,Lipid,Polyunsaturated Fatty Acid (n3 and n6)
nRPLC_309.2073_9.4,C18:2-DC FA,,,Lipid,Fatty Acid- Dicarboxylate
nRPLC_309.2801_11.4,C20:1 FA,C16526,HMDB02231,Lipid,Long Chain Fatty Acid
nRPLC_311.223_9.8,C18:1-DC FA,,,Lipid,Fatty Acid- Dicarboxylate
nRPLC_311.2957_11.4,C20:0 FA,C06425,HMDB02212,Lipid,Long Chain Fatty Acid
nRPLC_312.2546_10.4,Palmitoylglycine,,HMDB13034,Lipid,Fatty Acid Metabolism(Acyl Glycine)
nRPLC_313.2385_10.3,C18:0-DC FA(1),,HMDB00782,Lipid,Fatty Acid- Dicarboxylate
nRPLC_313.2385_9.9,C18:0-DC FA(3),,HMDB00782,Lipid,Fatty Acid- Dicarboxylate
nRPLC_313.2386_9.1,C18:0-DC FA(2),,HMDB00782,Lipid,Fatty Acid- Dicarboxylate
nRPLC_315.2539_9.7,MG(15:0)(3),,HMDB11532,Lipid,Monoacylglycerol
nRPLC_315.2541_9.2,MG(15:0)(2),,HMDB11532,Lipid,Monoacylglycerol
nRPLC_315.2541_9.4,MG(15:0)(1),,HMDB11532,Lipid,Monoacylglycerol
nRPLC_319.2278_10,C20:4-OH FA(1),,,Lipid,Fatty Acid- Monohydroxy
nRPLC_319.2278_9.8,C20:4-OH FA(2),,,Lipid,Fatty Acid- Monohydroxy
nRPLC_321.2435_10.1,C20:3-OH FA(1),,,Lipid,Fatty Acid- Monohydroxy
nRPLC_321.2435_9.9,C20:3-OH FA(2),,,Lipid,Fatty Acid- Monohydroxy
nRPLC_323.2592_10.4,C20:2-OH FA,,,Lipid,Fatty Acid- Monohydroxy
nRPLC_327.2538_10.5,MG(16:1),,HMDB11534,Lipid,Monoacylglycerol
nRPLC_329.2336_7.9,C18:1-3OH FA,,,Lipid,Fatty Acid- Trihydroxy
nRPLC_329.2487_10.7,C22:5 FA,C16513,HMDB06528,Lipid,Polyunsaturated Fatty Acid (n3 and n6)
nRPLC_331.1762_7.2,C16H28O7,,,,
nRPLC_331.2644_10.9,C22:4 FA,C16527,HMDB02226,Lipid,Polyunsaturated Fatty Acid (n3 and n6)
nRPLC_333.2073_7.6,C20:4-DC FA,,,Lipid,Fatty Acid- Dicarboxylate
nRPLC_333.2799_11.2,C22:3 FA,,HMDB02823,Lipid,Polyunsaturated Fatty Acid (n3 and n6)
nRPLC_335.2957_11.7,C22:2 FA,,HMDB61714,Lipid,Polyunsaturated Fatty Acid (n3 and n6)
nRPLC_343.2657_10.9,C23H36O2,,,,
nRPLC_343.2853_9.8,C20:0-2OH FA,,HMDB31923,Lipid,Fatty Acid- Dihydroxy
nRPLC_351.254_10.3,MG(18:3),,HMDB11539,Lipid,Monoacylglycerol
nRPLC_355.2643_10.9,C24:6 FA,,HMDB02007,Lipid,Polyunsaturated Fatty Acid (n3 and n6)
nRPLC_355.2852_11,MG(18:1),,HMDB11536,Lipid,Monoacylglycerol
nRPLC_357.2801_11.2,C24:5 FA,,HMDB06322,Lipid,Polyunsaturated Fatty Acid (n3 and n6)
nRPLC_359.2957_11.5,C24:4 FA,,HMDB06246,Lipid,Polyunsaturated Fatty Acid (n3 and n6)
nRPLC_365.2333_9.7,Tetrahydrocortisol,C05472,HMDB00949,Lipid,Androgenic Steroids
nRPLC_367.1582_8.7,Dehydroisoandrosterone sulfate (DHEA-S)(2),C04555,HMDB01032,Lipid,Androgenic Steroids
nRPLC_367.1585_8.9,Dehydroisoandrosterone sulfate (DHEA-S)(1),C04555,HMDB01032,Lipid,Androgenic Steroids
nRPLC_369.1729_8.9,Androsterone sulfate(2),,HMDB02759,Lipid,Androgenic Steroids
nRPLC_369.1741_9.5,Androsterone sulfate(1),,HMDB02759,Lipid,Androgenic Steroids
nRPLC_371.1881_9.5,5alpha-Androstan-3alpha-17alpha-diol monosulfate(1),,,Lipid,Androgenic Steroids
nRPLC_371.1887_9.1,5alpha-Androstan-3alpha-17alpha-diol monosulfate(3),,,Lipid,Androgenic Steroids
nRPLC_371.189_9.7,5alpha-Androstan-3alpha-17alpha-diol monosulfate(2),,,Lipid,Androgenic Steroids
nRPLC_375.254_10.2,MG(20:5),,HMDB11550,Lipid,Monoacylglycerol
nRPLC_377.2696_10.5,MG(20:4)(1),,HMDB04666,Lipid,Monoacylglycerol
nRPLC_377.2698_9.2,MG(20:4)(2),,HMDB04666,Lipid,Monoacylglycerol
nRPLC_381.0762_6,Unknown_nRPLC_381.0762_6,,,,
nRPLC_381.1387_4.6,C15H26O11,,,,
nRPLC_383.1535_7.6,16a-hydroxy DHEA 3-sulfate,,,Lipid,Androgenic Steroids
nRPLC_385.332_10.8,MG(20:0),,HMDB11542,Lipid,Monoacylglycerol
nRPLC_389.2699_8.8,C24H38O4,,,,
nRPLC_389.27_9.4,C24H38O4(1),,,,
nRPLC_389.2702_10.4,C24H38O4(2),,,,
nRPLC_391.2856_9.2,Chenodeoxycholic Acid(3),,HMDB0000518,Lipid,Primary Bile Acid Metabolism
nRPLC_391.2856_9.5,Chenodeoxycholic Acid(2),,HMDB0000518,Lipid,Primary Bile Acid Metabolism
nRPLC_391.2856_9.8,Chenodeoxycholic Acid(1),,HMDB0000518,Lipid,Primary Bile Acid Metabolism
nRPLC_393.3013_10.7,C24H42O4,,,,
nRPLC_395.1897_10,Pregnenolone sulfate,,HMDB00774,Lipid,Progestin Steroids
nRPLC_397.2054_9.6,Pregnanolone sulfate,,,Lipid,Progestin Steroids
nRPLC_397.3686_11.5,C25:0-OH FA,,,Lipid,Fatty Acid- Monohydroxy
nRPLC_399.3268_11.1,25-hydroxyvitamin D3,,,Cofactors and Vitamins,Vitamin D Metabolism
nRPLC_407.2438_8.8,C23H36O6,,,,
nRPLC_407.2804_9.2,Cholic Acid,,HMDB0000619,Lipid,Primary Bile Acid Metabolism
nRPLC_409.3322_11.2,MG(22:2),,HMDB11553,Lipid,Monoacylglycerol
nRPLC_411.127_3.6,N6-Carbamoyl-L-threonyladenosine,,HMDB41623,Nucleotide,Purine Metabolism- Adenine containing
nRPLC_413.2004_8.9,C21H34O6S,,,,
nRPLC_413.222_10.8,C18H38O8S,,,,
nRPLC_415.3217_10.9,Dihydroxyvitamin D3(2),,HMDB00430,Cofactors and Vitamins,Vitamin D Metabolism
nRPLC_415.3217_11.4,Dihydroxyvitamin D3(1),,HMDB00430,Cofactors and Vitamins,Vitamin D Metabolism
nRPLC_417.3009_10.8,C26H42O4,,,,
nRPLC_429.3008_10.3,7-alpha-hydroxy-3-oxo-4-cholestenoate (7-Hoca),C17337,HMDB12458,Lipid,Sterol
nRPLC_431.3164_10.9,C27H44O4(3),,,,
nRPLC_431.3166_10.2,C27H44O4(1),,,,
nRPLC_431.3166_10.4,C27H44O4(2),,,,
nRPLC_432.1927_8.8,C25H27N3O4,,,,
nRPLC_433.2595_11.1,C25H38O6,,,,
nRPLC_433.3321_10.9,C27H46O4(4),,,,
nRPLC_433.3322_10.4,C27H46O4(5),,,,
nRPLC_433.3322_11.2,C27H46O4(1),,,,
nRPLC_433.3322_11.4,C27H46O4(2),,,,
nRPLC_433.3323_10.5,C27H46O4(3),,,,
nRPLC_435.3115_10.4,C26H44O5,,,,
nRPLC_435.3481_11.3,C27H48O4,,,,
nRPLC_437.3271_10.7,C26H46O5,,,,
nRPLC_439.3427_10.9,C26H48O5,,,,
nRPLC_439.3792_11.1,MG(24:1),,HMDB11559,Lipid,Monoacylglycerol
nRPLC_441.3947_11.3,MG(24:0)(1),,HMDB11558,Lipid,Monoacylglycerol
nRPLC_441.395_11.2,MG(24:0)(2),,HMDB11558,Lipid,Monoacylglycerol
nRPLC_443.3164_11,C28H44O4,,,,
nRPLC_445.2544_10.8,C18H32N6O2,,,,
nRPLC_445.3323_11,C28H46O4(1),,,,
nRPLC_445.3324_11.2,C28H46O4(3),,,,
nRPLC_445.3324_11.4,C28H46O4(2),,,,
nRPLC_447.3483_11.4,C28H48O4,,,,
nRPLC_448.3067_8.6,Chenodeoxycholic acid glycine conjugate(2),C05466,HMDB00637,Lipid,Primary Bile Acid Metabolism
nRPLC_448.3069_9.4,Chenodeoxycholic acid glycine conjugate(1),C05466,HMDB00637,Lipid,Primary Bile Acid Metabolism
nRPLC_449.364_11.6,C28H50O4,,,,
nRPLC_450.2624_9.5,LysoPE(16:1),,HMDB11474,Lipid,Phospholipid Metabolism
nRPLC_453.3221_10.1,C26H46O6(1),,,,
nRPLC_453.3223_9.8,C26H46O6(2),,,,
nRPLC_455.2472_11,Sulfolithocholic acid,,HMDB00907,Lipid,Secondary Bile Acid Metabolism
nRPLC_461.3269_10.7,C28H46O5,,,,
nRPLC_463.3428_11,C28H48O5,,,,
nRPLC_464.3015_8.8,Glycocholic acid,C01921,HMDB00138,Lipid,Primary Bile Acid Metabolism
nRPLC_465.2489_8.6,Androsterone glucuronide(1),C11135,HMDB02829,Lipid,Androgenic Steroids
nRPLC_465.249_8.3,Androsterone glucuronide(2),C11135,HMDB02829,Lipid,Androgenic Steroids
nRPLC_467.2636_8.4,5alpha-Androstan-3alpha-17beta-diol 17-glucuronide(1),,,Lipid,Androgenic Steroids
nRPLC_467.2649_8.8,5alpha-Androstan-3alpha-17beta-diol 17-glucuronide(2),,,Lipid,Androgenic Steroids
nRPLC_471.3474_11.3,C30H48O4,,,,
nRPLC_473.3632_11.4,C30H50O4,,,,
nRPLC_478.2939_10.1,LysoPE(18:1),,HMDB11475,Lipid,Phospholipid Metabolism
nRPLC_480.3097_10,Unknown_nRPLC_480.3097_10,,,,
nRPLC_481.244_7.1,C25H38O9,,,,
nRPLC_487.342_10.8,C30H48O5(1),,,,
nRPLC_487.3427_9.5,C30H48O5(2),,,,
nRPLC_487.3428_9.1,C30H48O5(3),,,,
nRPLC_489.3582_10.6,C30H50O5(2),,,,
nRPLC_489.3582_11,C30H50O5(1),,,,
nRPLC_495.2235_6.2,C25H36O10,,,,
nRPLC_495.2962_9.1,Pregnanediol-3-glucuronide,C03033,HMDB10318,Lipid,Progestin Steroids
nRPLC_498.2892_10.3,Tauroursodeoxycholic acid,,HMDB00874,Lipid,Secondary Bile Acid Metabolism
nRPLC_499.2911_8.7,C26H44O9,,,,
nRPLC_501.1739_7.1,C30H30O5S,,,,
nRPLC_507.2231_9,C26H36O10,,,,
nRPLC_507.3686_10.6,C30H52O6,,,,
nRPLC_508.3404_10.6,LysoPE(20:0),,HMDB11481,Lipid,Phospholipid Metabolism
nRPLC_511.3039_10.3,LysoPG(18:0),,,Lipid,Phospholipid Metabolism
nRPLC_512.2683_10.8,Sulfolithocholylglycine,C11301,HMDB02639,Lipid,Secondary Bile Acid Metabolism
nRPLC_513.27_8.6,C26H42O10,,,,
nRPLC_514.2838_9.6,Taurocholic acid(1),C05122,HMDB00036,Lipid,Primary Bile Acid Metabolism
nRPLC_514.2853_8.8,Taurocholic acid(2),C05122,HMDB00036,Lipid,Primary Bile Acid Metabolism
nRPLC_526.2939_9.9,LysoPE(22:5),,HMDB11494,Lipid,Phospholipid Metabolism
nRPLC_527.2129_7.1,C25H36O12,,,,
nRPLC_528.309_10.2,LysoPE(22:4),,HMDB11493,Lipid,Phospholipid Metabolism
nRPLC_539.2489_8.8,Tetrahydroaldosterone-3-glucuronide(2),,HMDB10357,Lipid,Androgenic Steroids
nRPLC_539.2494_7,Tetrahydroaldosterone-3-glucuronide(1),,HMDB10357,Lipid,Androgenic Steroids
nRPLC_541.2651_6.6,C27H42O11(4),,,,
nRPLC_541.2651_7,C27H42O11(3),,,,
nRPLC_541.2652_6.8,C27H42O11(1),,,,
nRPLC_541.2652_7.4,C27H42O11(2),,,,
nRPLC_561.4141_11.5,C34H58O6,,,,
nRPLC_565.3015_9,C30H46O10,,,,
nRPLC_567.3171_9.6,C30H48O10(2),,,,
nRPLC_567.3173_8.9,C30H48O10(3),,,,
nRPLC_567.3177_9.2,C30H48O10(1),,,,
nRPLC_577.255_7,C32H38N2O8,,,,
nRPLC_585.486_10.8,C36H66O4,,,,
nRPLC_597.3048_11.9,LysoPI(18:1),,HMDB61693,Lipid,Phospholipid Metabolism
nRPLC_609.5098_10.5,Unknown_nRPLC_667.5325_10.5,,,,
nRPLC_619.2888_11.3,LysoPI(20:4),,HMDB61690,Lipid,Phospholipid Metabolism
nRPLC_667.5325_10.5,Unknown_nRPLC_667.5325_10.5,,,,
nRPLC_723.5955_11,Unknown_nRPLC_723.5955_11,,,,
pHILIC_104.0705_8.1,2-Aminobutyrate,C02261,HMDB00650,Amino Acid,Glutathione Metabolism
pHILIC_104.1069_6.6,Choline,C00114,HMDB00097,Lipid,Phospholipid Metabolism
pHILIC_114.0661_2.5,Creatinine,C00791,HMDB00562,Amino Acid,Creatine Metabolism
pHILIC_118.0861_7,Betaine,C00719,HMDB00043,Amino Acid,Glycine- Serine and Threonine Metabolism
pHILIC_130.0862_7.6,Pipecolic acid,C00408,HMDB00070,Amino Acid,Lysine Metabolism
pHILIC_130.0863_6.6,N-methylproline,,,Amino Acid,Urea cycle; Arginine and Proline Metabolism
pHILIC_132.0766_9,Creatine,C00300,HMDB00064,Amino Acid,Creatine Metabolism
pHILIC_133.097_16.1,Ornithine,C00077,HMDB03374,Amino Acid,Urea cycle; Arginine and Proline Metabolism
pHILIC_137.0457_3.1,Hypoxanthine,C00262,HMDB00157,Nucleotide,Purine Metabolism- (Hypo)Xanthine/Inosine containing
pHILIC_139.0501_7.6,Urocanic acid,C00785,HMDB00301,Amino Acid,Histidine Metabolism
pHILIC_142.1225_1.3,C8H15NO,,,,
pHILIC_143.0815_8.5,Ectoine,C06231,,Xenobiotics,Chemical
pHILIC_144.1018_6.7,Proline betaine,C10172,HMDB04827,Xenobiotics,Food Component/Plant
pHILIC_146.0811_7.5,Isobutyrylglycine,,HMDB00730,Amino Acid,Leucine- Isoleucine and Valine Metabolism
pHILIC_146.1175_11,Acetylcholine,,HMDB0000895,Lipid,Phospholipid Metabolism
pHILIC_147.0763_9.7,L-Glutamine,C00064,HMDB00641,Amino Acid,Glutamate Metabolism
pHILIC_147.1126_15.9,L-Lysine,C00047,HMDB00182,Amino Acid,Lysine Metabolism
pHILIC_147.1128_11.2,C6H14N2O2,,,,
pHILIC_150.0581_7,L-Methionine,C00073,HMDB00696,Amino Acid,Methionine- Cysteine- SAM and Taurine Metabolism
pHILIC_152.0705_7.6,C8H9NO2,,,,
pHILIC_154.1225_1.6,C9H15NO,,,,
pHILIC_157.0607_8.3,Imidazolelactic acid,C05132,HMDB02320,Amino Acid,Histidine Metabolism
pHILIC_158.1174_6.2,Homostachydrine,C08283,HMDB33433,Xenobiotics,Food Component/Plant
pHILIC_160.0967_7.5,Betonicine,C08269,HMDB29412,Xenobiotics,Food Component/Plant
pHILIC_161.1283_16.4,Ne-Methyl-Lysine,C02728,HMDB02038,Amino Acid,Lysine Metabolism
pHILIC_161.1283_8.1,C7H16N2O2,,,,
pHILIC_163.0534_7.5,C5H10N2O2S,,,,
pHILIC_166.0861_6.2,L-Phenylalanine,C00079,HMDB00159,Amino Acid,Phenylalanine Metabolism
pHILIC_170.0923_8.5,1-Methylhistidine,C01152,HMDB00001,Amino Acid,Histidine Metabolism
pHILIC_171.0763_7.5,C7H10N2O3,,,,
pHILIC_173.092_7.6,C7H12N2O3(2),,,,
pHILIC_173.092_8.1,C7H12N2O3(1),,,,
pHILIC_174.1237_7.5,C7H15N3O2,,,,
pHILIC_175.1076_7.6,C7H14N2O3(1),,,,
pHILIC_175.1076_8.9,C7H14N2O3(2),,,,
pHILIC_175.1188_15.1,L-Arginine,C00062,HMDB00517,Amino Acid,Urea cycle; Arginine and Proline Metabolism
pHILIC_178.0532_7.5,Alliin,C08265,HMDB33592,Xenobiotics,Food Component/Plant
pHILIC_179.0484_7.4,Cys-Gly|Gly-Cys,,,Peptide,Dipeptide
pHILIC_180.0865_7.4,Hexosamine,,,Carbohydrate,Glycolysis- Gluconeogenesis- and Pyruvate Metabolism
pHILIC_182.081_7.7,L-Tyrosine,C00082,HMDB00158,Amino Acid,Tyrosine Metabolism
pHILIC_186.1123_7.8,C9H15NO3,,,,
pHILIC_188.128_8,C9H17NO3,,,,
pHILIC_189.0869_10.4,C7H12N2O4,,,,
pHILIC_189.1233_8.4,N6-Acetyl-L-lysine,C02727,HMDB00206,Amino Acid,Lysine Metabolism
pHILIC_189.1345_14.4,Homoarginine,C01924,HMDB00670,Amino Acid,Urea cycle; Arginine and Proline Metabolism
pHILIC_189.1596_18.3,N6-N6-N6-Trimethyl-L-lysine,C03793,HMDB01325,Amino Acid,Lysine Metabolism
pHILIC_199.0825_1.5,C7H10N4O3,,,,
pHILIC_200.128_6.8,C10H17NO3,,,,
pHILIC_203.0813_7.2,C11H12N2O3(3),,,,
pHILIC_203.1388_8.9,Ala-Leu|Leu-Ala,,,Peptide,Dipeptide
pHILIC_203.1501_13.6,Symmetric dimethylarginine,C03626,HMDB01539,Amino Acid,Urea cycle; Arginine and Proline Metabolism
pHILIC_205.0969_6.7,L-Tryptophan,C00078,HMDB00929,Amino Acid,Tryptophan Metabolism
pHILIC_210.1497_12.7,C12H19NO2,,,,
pHILIC_212.1026_7.4,N-acetyl-1-methylhistidine,,,Amino Acid,Histidine Metabolism
pHILIC_216.1227_7,C3:1 AC,,HMDB13124,Lipid,Fatty Acid Metabolism (also BCAA Metabolism)
pHILIC_218.1384_7.3,C3:0 AC,C03017,HMDB00824,Lipid,Fatty Acid Metabolism (also BCAA Metabolism)
pHILIC_219.0795_5,Pro-Cys|Cys-Pro,,HMDB28783|HMDB29014,Peptide,Dipeptide
pHILIC_221.0917_6.6,C11H12N2O3(2),,,,
pHILIC_221.0918_7.5,C11H12N2O3(1),,,,
pHILIC_223.1438_4.1,C12H18N2O2,,,,
pHILIC_224.1278_6.2,C12H17NO3,,,,
pHILIC_224.1653_12.6,Unknown_224.1653_12.6,,,,
pHILIC_229.1181_10.5,pro-hydroxy-pro(2),,HMDB06695,Amino Acid,Urea cycle; Arginine and Proline Metabolism
pHILIC_229.1181_10.9,pro-hydroxy-pro(1),,HMDB06695,Amino Acid,Urea cycle; Arginine and Proline Metabolism
pHILIC_229.1543_7.2,C11H20N2O3(1),,,,
pHILIC_229.1544_10.4,C11H20N2O3(2),,,,
pHILIC_234.0766_7.5,C7H18NO4S,,,,
pHILIC_237.0865_7.3,C11H12N2O4,,,,
pHILIC_245.1492_7.5,C11H20N2O4,,,,
pHILIC_245.1856_12.4,C12H24N2O3,,,,
pHILIC_247.1437_5.3,Tryptophan betaine,C09213,HMDB61115,Amino Acid,Tryptophan Metabolism
pHILIC_249.1077_10.8,gamma-glutamylthreonine(2),,HMDB29159,Peptide,Gamma-glutamyl Amino Acid
pHILIC_249.1078_10.4,gamma-glutamylthreonine(1),,HMDB29159,Peptide,Gamma-glutamyl Amino Acid
pHILIC_257.1127_2,C11H16N2O5,,,,
pHILIC_258.1097_10.8,Glycerophosphocholine,C00670,HMDB00086,Lipid,Phospholipid Metabolism
pHILIC_263.0732_7.6,Unknown_pHILIC_263.0732_7.6,,,,
pHILIC_263.0868_10.8,C9H14N2O7,,,,
pHILIC_263.1235_11.4,C10H20N2O6,,,,
pHILIC_269.1239_8.3,Acetylcarnosine,,HMDB12881,Amino Acid,Histidine Metabolism
pHILIC_276.1548_13.2,gamma-glutamyl-epsilon-lysine,,HMDB03869,Peptide,Gamma-glutamyl Amino Acid
pHILIC_280.1384_8,N-(1-Deoxy-1-fructosyl)valine,,HMDB37844,Amino Acid,Leucine- Isoleucine and Valine Metabolism
pHILIC_282.119_6.7,N1-methyladenosine,C02494,HMDB03331,Nucleotide,Purine Metabolism- Adenine containing
pHILIC_288.2161_5.8,C8:0 AC(1),C02838,HMDB00791,Lipid,Fatty Acid Metabolism(Acyl Carnitine)
pHILIC_290.1593_10.7,C6:0-DC AC(1),,HMDB61677,Lipid,Fatty Acid Metabolism(Acyl Carnitine)
pHILIC_290.1594_11,C6:0-DC AC(2),,HMDB61677,Lipid,Fatty Acid Metabolism(Acyl Carnitine)
pHILIC_294.1541_7.3,C12H23NO7,,,,
pHILIC_298.1139_4.7,1-Methylguanosine,C04545,HMDB01563,Nucleotide,Pyrimidine Metabolism- Uracil containing
pHILIC_299.1383_7.5,C17H18N2O3,,,,
pHILIC_302.3046_1.8,Sphinganine,C00836,HMDB00269,Lipid,Sphingolipid Metabolism
pHILIC_309.1649_15.6,Fructoselysine,C16488,,Carbohydrate,Pentose Metabolism
pHILIC_310.1756_5.8,C15H23N3O4,,,,
pHILIC_337.1234_11.6,C12H20N2O9,,,,
pHILIC_350.1185_11.5,C12H19N3O9,,,,
pHILIC_360.2736_6.1,C18:0-OH AC,,HMDB13164,Lipid,Fatty Acid Metabolism(Acyl Carnitine)
pHILIC_372.31_5.6,C14:0 AC,,HMDB05066,Lipid,Fatty Acid Metabolism(Acyl Carnitine)
pHILIC_400.3413_5.6,C16:0 AC,C02990,HMDB00222,Lipid,Fatty Acid Metabolism(Acyl Carnitine)
pHILIC_428.3736_5.5,C18:0 AC,,HMDB00848,Lipid,Fatty Acid Metabolism(Acyl Carnitine)
pHILIC_542.3221_6,LysoPC(20:5),C04230,HMDB10397,Lipid,Phospholipid Metabolism
pHILIC_583.2539_5.3,Biliverdin(1),C00500,HMDB01008,Cofactors and Vitamins,Hemoglobin and Porphyrin Metabolism
pHILIC_585.2694_4.9,Bilirubin,C00486,HMDB00054,Cofactors and Vitamins,Hemoglobin and Porphyrin Metabolism
pHILIC_703.5724_5.7,SM(d18:1/16:0),C00550,HMDB13464,,
pHILIC_716.5208_3.9,PE(34:2),,,,
pHILIC_722.5093_4.2,PE(P-36:5),,,,
pHILIC_724.5254_4.4,PE(P-36:4),,,,
pHILIC_728.5563_4.5,PE(P-36:2),,,,
pHILIC_731.6033_5.7,SM(d18:1/18:0),C00550,HMDB12088,,
pHILIC_732.5525_5.1,PC(32:1),,,,
pHILIC_738.5049_3.9,PE(36:5),,,,
pHILIC_738.5403_4.4,PC(P-34:4),,,,
pHILIC_740.5213_3.6,PC(33:4)(2),,,,
pHILIC_740.522_4.4,PC(33:4)(1),,,,
pHILIC_742.5724_5.1,PC(P-34:2),,,,
pHILIC_746.5694_5.1,PC(33:1),,,,
pHILIC_750.5399_3.1,PE(P-38:5)(2),,,,
pHILIC_750.5404_4.4,PE(P-38:5)(1),,,,
pHILIC_752.5554_4.3,PE(P-38:4),,,,
pHILIC_754.5367_5.1,PC(34:4),,,,
pHILIC_758.5668_5.1,PC(34:2),,,,
pHILIC_764.5206_3.4,PE(38:6)(2),,,,
pHILIC_764.5217_4.2,PE(38:6)(1),,,,
pHILIC_764.557_4.7,PC(P-36:5)(2),,,,
pHILIC_764.5577_5,PC(P-36:5)(1),,,,
pHILIC_768.5508_5.1,PC(35:4),,,,
pHILIC_768.5548_4.4,PC(35:4)(1),,,,
pHILIC_768.5558_3.5,PC(35:4)(2),,,,
pHILIC_772.5828_5.1,PC(35:2),,,,
pHILIC_776.5553_4.3,PE(P-40:6)(2),,,,
pHILIC_776.5554_3,PE(P-40:6)(1),,,,
pHILIC_778.5358_5.1,PC(36:6),,,,
pHILIC_782.5665_5.1,PC(36:4),,,,
pHILIC_785.6497_5.6,SM(d18:1/22:1),C00550,HMDB12104,,
pHILIC_786.5972_5.1,PC(36:2),,,,
pHILIC_790.5707_2,PC(P-38:6),,,,
pHILIC_792.5536_4.5,PC(37:6),,,,
pHILIC_806.5663_5,PC(38:6)(1),,,,
pHILIC_806.567_4.8,PC(38:6)(2),,,,
pHILIC_810.597_4.8,PC(38:4)(1),,,,
pHILIC_810.5973_5,PC(38:4)(2),,,,
pHILIC_813.6806_5.6,SM(d18:1/24:1),C00550,HMDB12107,,
pHILIC_816.5884_5,PC(P-40:7),,,,
pHILIC_834.5972_4.7,PC(40:6)(2),,,,
pHILIC_834.5975_5,PC(40:6)(1),,,,
pHILIC_850.6644_5,PC(P-42:5),,,,
pHILIC_892.6501_5,3-O-Sulfogalactosylceramide (d18:1/24:0),C06125,HMDB00024,,
pRPLC_100.0756_1.2,2-Piperidinone,,HMDB11749,Xenobiotics,Food Component/Plant
pRPLC_146.06_3,4-formyl Indole(2),,,Amino Acid,Tryptophan Metabolism
pRPLC_146.06_3.6,4-formyl Indole(1),,,Amino Acid,Tryptophan Metabolism
pRPLC_153.0658_1.2,N1-Methyl-2-pyridone-5-carboxamide(1),C05842,HMDB04193,Cofactors and Vitamins,Nicotinate and Nicotinamide Metabolism
pRPLC_153.0658_1.7,N1-Methyl-2-pyridone-5-carboxamide(2),C05842,HMDB04193,Cofactors and Vitamins,Nicotinate and Nicotinamide Metabolism
pRPLC_162.1123_0.6,L-Carnitine,C00318,HMDB00062,Lipid,Carnitine Metabolism
pRPLC_166.0724_1.2,7-Methylguanine,C02242,HMDB00897,Nucleotide,Purine Metabolism- Guanine containing
pRPLC_169.0971_1.6,Cyclo(ala-pro),,,Peptide,Dipeptide
pRPLC_180.0654_2,Hippuric acid,C01586,HMDB00714,Xenobiotics,Benzoate Metabolism
pRPLC_181.0718_3.1,Paraxanthine,C13747,HMDB01860,Xenobiotics,Xanthine Metabolism
pRPLC_181.0719_3.4,Theophylline,,HMDB0001889,Xenobiotics,Xanthine Metabolism
pRPLC_195.0875_4.6,Caffeine,C07481,HMDB01847,Xenobiotics,Xanthine Metabolism
pRPLC_195.1128_3.1,C10H14N2O2,,,,
pRPLC_197.1285_3.4,C10H16N2O2,,,,
pRPLC_204.0655_4.8,Indolepyruvate,C00331,HMDB60484,Amino Acid,Tryptophan Metabolism
pRPLC_211.144_4.6,C11H18N2O2(2),,,,
pRPLC_211.1441_4.4,C11H18N2O2(1),,,,
pRPLC_227.0914_6.8,C11H14O5,,,,
pRPLC_232.1543_0.9,C4:0 AC,C02862,HMDB02013,Lipid,Fatty Acid Metabolism (also BCAA Metabolism)
pRPLC_239.0914_5.1,C12H14O5,,,,
pRPLC_239.1642_8.9,C14H22O3,,,,
pRPLC_244.1544_1.7,C5:1 AC,,HMDB02366,Lipid,Fatty Acid Metabolism(Acyl Carnitine)
pRPLC_246.17_1.9,C5:0 AC,,,Lipid,Fatty Acid Metabolism(Acyl Carnitine)
pRPLC_255.1227_7.2,C13H18O5,,,,
pRPLC_260.1858_3.3,C6:0 AC,,HMDB00705,Lipid,Fatty Acid Metabolism(Acyl Carnitine)
pRPLC_261.1446_0.8,gamma-glutamylleucine(2),,HMDB11171,Peptide,Gamma-glutamyl Amino Acid
pRPLC_261.1446_1,gamma-glutamylleucine(1),,HMDB11171,Peptide,Gamma-glutamyl Amino Acid
pRPLC_265.1184_2.6,Alpha-N-Phenylacetyl-L-glutamine,C04148,HMDB06344,Peptide,Acetylated Peptides
pRPLC_267.1228_6.3,C14H18O5(2),,,,
pRPLC_267.1228_7.6,C14H18O5(3),,,,
pRPLC_267.1228_8.3,C14H18O5(1),,,,
pRPLC_269.1382_7.1,C14H20O5(1),,,,
pRPLC_269.1385_8,C14H20O5(2),,,,
pRPLC_269.2264_10.4,Retinol (Vitamin A),C00473,HMDB00305,Cofactors and Vitamins,Vitamin A Metabolism
pRPLC_277.0384_5.1,Dihydroferulic acid,,,Xenobiotics,Food Component/Plant
pRPLC_279.1705_3.1,Phenylalanylleucine,,,Peptide,Dipeptide
pRPLC_283.1541_8.3,C15H22O5(1),,,,
pRPLC_286.1439_8.4,Piperine(2),C03882,HMDB29377,Xenobiotics,Food Component/Plant
pRPLC_286.1439_8.5,Piperine(1),C03882,HMDB29377,Xenobiotics,Food Component/Plant
pRPLC_286.2015_4.3,C8:1 AC,,HMDB13324,Lipid,Fatty Acid Metabolism(Acyl Carnitine)
pRPLC_288.2172_5.1,C8:0 AC(2),C02838,HMDB00791,Lipid,Fatty Acid Metabolism(Acyl Carnitine)
pRPLC_290.1601_0.6,C5:0-DC AC,,,Lipid,Fatty Acid Metabolism(Acyl Carnitine)
pRPLC_295.1292_1.3,gamma-glutamylphenylalanine,,HMDB00594,Peptide,Gamma-glutamyl Amino Acid
pRPLC_301.1185_5.8,C16H20N2O6,,,,
pRPLC_302.2328_5.6,C9:0 AC,,,Lipid,Fatty Acid Metabolism(Acyl Carnitine)
pRPLC_310.2014_5.1,C10:3 AC(1),,,Lipid,Fatty Acid Metabolism(Acyl Carnitine)
pRPLC_310.2015_4.9,C10:3 AC(2),,,Lipid,Fatty Acid Metabolism(Acyl Carnitine)
pRPLC_310.3104_11.1,Oleoyl Ethyl Amide,,,Lipid,Long Chain Fatty Acid
pRPLC_311.0802_7.2,C11H18O8S,,,,
pRPLC_312.1305_2.8,N2-N2-Dimethylguanosine,,HMDB04824,Nucleotide,Purine Metabolism- Guanine containing
pRPLC_312.1594_9,C19H21NO3,,,,
pRPLC_312.2171_5.4,C10:2 AC,,HMDB13325,Lipid,Fatty Acid Metabolism(Acyl Carnitine)
pRPLC_313.1548_3.5,Phenylalanylphenylalanine,,HMDB13302,Peptide,Dipeptide
pRPLC_314.2328_6.1,C10:1 AC,,HMDB13205,Lipid,Fatty Acid Metabolism(Acyl Carnitine)
pRPLC_315.1341_7.4,C17H18N2O4(1),,,,
pRPLC_315.1341_7.8,C17H18N2O4(2),,,,
pRPLC_316.2484_6.6,C10:0 AC,,HMDB00651,Lipid,Fatty Acid Metabolism(Acyl Carnitine)
pRPLC_319.1289_6,C16H18N2O5(3),,,,
pRPLC_319.129_5.7,C16H18N2O5(2),,,,
pRPLC_319.129_5.8,C16H18N2O5(1),,,,
pRPLC_330.2637_7.1,C11:0 AC,,,Lipid,Fatty Acid Metabolism(Acyl Carnitine)
pRPLC_339.0751_7.2,C12H18O9S,,,,
pRPLC_342.2639_7.2,C12:1 AC,,HMDB13326,Lipid,Fatty Acid Metabolism(Acyl Carnitine)
pRPLC_344.2796_7.8,C12:0 AC,,HMDB02250,Lipid,Fatty Acid Metabolism(Acyl Carnitine)
pRPLC_347.0633_6,C13H16O12,,,,
pRPLC_352.1657_3.7,Phenylalanyl-Tryptophan,,HMDB29006,Peptide,Dipeptide
pRPLC_352.2248_8.5,C16 Sphingosine 1-phosphate,,HMDB60061,Lipid,Sphingolipid Metabolism
pRPLC_355.1265_6.4,C17H20N2O5,,,,
pRPLC_357.2786_9.8,C24H38O3(1),,,,
pRPLC_357.2788_9.5,C24H38O3(2),,,,
pRPLC_359.3154_11,MG(18:0),,HMDB11131,Lipid,Monoacylglycerol
pRPLC_368.2795_7.7,C14:2 AC,,HMDB13331,Lipid,Fatty Acid Metabolism(Acyl Carnitine)
pRPLC_369.2397_10.5,C20H28N6O,,,,
pRPLC_370.2952_8.2,C14:1 AC,,HMDB02014,Lipid,Fatty Acid Metabolism(Acyl Carnitine)
pRPLC_373.2738_9.2,C24H36O3,,,,
pRPLC_380.2561_9.4,C18 Sphingosine 1-phosphate,C06124,HMDB00277,Lipid,Sphingolipid Metabolism
pRPLC_382.2719_9.6,Sphinganine 1-phosphate,C01120,HMDB01383,Lipid,Sphingolipid Metabolism
pRPLC_398.3266_8.9,C16:1 AC,,,Lipid,Fatty Acid Metabolism(Acyl Carnitine)
pRPLC_413.207_4.8,C23H28N2O5,,,,
pRPLC_417.3348_10.5,C27H44O3(1),,,,
pRPLC_417.3362_9.5,C27H44O3(2),,,,
pRPLC_424.3421_9.2,C18:2 AC,,HMDB06461,Lipid,Fatty Acid Metabolism(Acyl Carnitine)
pRPLC_426.3576_9.5,C18:1 AC,,HMDB05065,Lipid,Fatty Acid Metabolism(Acyl Carnitine)
pRPLC_429.2519_10.5,C23H32N4O4,,,,
pRPLC_431.3153_10.3,C27H42O4,,,,
pRPLC_438.2976_10.2,LysoPE(P-16:0),,HMDB11152,Lipid,Phospholipid Metabolism
pRPLC_445.2947_10.3,C27H40O5,,,,
pRPLC_445.3672_12.4,C29H48O3,,,,
pRPLC_454.2927_9.9,LysoPE(16:0),,HMDB11473,Lipid,Phospholipid Metabolism
pRPLC_457.2832_11,C24H40O8,,,,
pRPLC_463.2326_9,C25H34O8,,,,
pRPLC_464.1915_7,C23H29NO9,,,,
pRPLC_468.3085_9.3,LysoPC(14:0),C04230,HMDB10379,Lipid,Phospholipid Metabolism
pRPLC_478.2927_9.7,LysoPE(18:2),,HMDB11477,Lipid,Phospholipid Metabolism
pRPLC_480.3446_10.3,LysoPC(P-16:0),C04230,HMDB10407,Lipid,Phospholipid Metabolism
pRPLC_482.3238_10.5,LysoPE(18:0),,HMDB11129,Lipid,Phospholipid Metabolism
pRPLC_482.324_9.7,LysoPC(15:0),C04230,HMDB10381,Lipid,Phospholipid Metabolism
pRPLC_491.371_11.3,C28H52O5,,,,
pRPLC_494.324_9.5,LysoPC(16:1),C04230,HMDB10383,Lipid,Phospholipid Metabolism
pRPLC_496.3395_10,LysoPC(16:0),C04230,HMDB10382,Lipid,Phospholipid Metabolism
pRPLC_502.2927_9.7,LysoPE(20:4),,HMDB11487,Lipid,Phospholipid Metabolism
pRPLC_504.3082_10,LysoPE(20:3),,HMDB11484,Lipid,Phospholipid Metabolism
pRPLC_505.2774_9.3,C24H36N6O6,,,,
pRPLC_506.3601_10.4,LysoPC(P-18:1),C04230,HMDB10408,Lipid,Phospholipid Metabolism
pRPLC_508.3397_9.9,LysoPE(20:1),,HMDB11482,Lipid,Phospholipid Metabolism
pRPLC_508.376_10.5,LysoPC(P-18:0),C04230,HMDB13122,Lipid,Phospholipid Metabolism
pRPLC_510.3554_10.3,LysoPC(17:0),C04230,HMDB12108,Lipid,Phospholipid Metabolism
pRPLC_510.3913_10.9,LysoPC(O-18:0),C04317,HMDB11149,Lipid,Phospholipid Metabolism
pRPLC_520.3396_9.8,LysoPC(18:2),C04230,HMDB10386,Lipid,Phospholipid Metabolism
pRPLC_524.3708_10.6,LysoPC(18:0),C04230,HMDB10384,Lipid,Phospholipid Metabolism
pRPLC_526.2924_9.8,LysoPE(22:6),,HMDB11496,Lipid,Phospholipid Metabolism
pRPLC_538.3863_10.8,LysoPE(22:0),,HMDB11490,Lipid,Phospholipid Metabolism
pRPLC_544.3392_9.8,LysoPC(20:4),C04230,HMDB10395,Lipid,Phospholipid Metabolism
pRPLC_546.3545_10.1,LysoPC(20:3),C04230,HMDB10393,Lipid,Phospholipid Metabolism
pRPLC_548.3709_10.4,LysoPC(20:2),C04230,HMDB10392,Lipid,Phospholipid Metabolism
pRPLC_550.3864_10.7,LysoPC(20:1),C04230,HMDB10391,Lipid,Phospholipid Metabolism
pRPLC_552.402_11.1,LysoPC(20:0),C04230,HMDB10390,Lipid,Phospholipid Metabolism
pRPLC_568.339_9.8,LysoPC(22:6),C04230,HMDB10404,Lipid,Phospholipid Metabolism
pRPLC_572.3708_10.3,LysoPC(22:4),C04230,HMDB10401,Lipid,Phospholipid Metabolism
pRPLC_580.4347_11.8,LysoPC(22:0),C04230,HMDB10398,Lipid,Phospholipid Metabolism
pRPLC_647.5116_11.7,SM(d18:1/12:0),C00550,HMDB12096,,
pRPLC_675.5429_12.6,SM(d18:1/14:0),,HMDB12097,,
pRPLC_676.417_10.7,PS(28:2),,HMDB12342,,
pRPLC_704.4472_10.9,PS(30:2),,,,
pRPLC_706.4648_11.2,PS(30:1),,,,
pRPLC_730.4663_11.3,PS(32:3),,,,
pRPLC_777.6945_7.2,Thyroxine,C01829,HMDB01918,Amino Acid,Tyrosine Metabolism